,Name,Screen type,Screen size,Screen resolution,Front camera,Rear camera,OS,Chip,ROM,RAM,Batery,Price
0,Điện thoại iPhone 12 64GB Xanh lá,Super Retina XDR,"6.1 inch """,2532 x 1170 pixels,12MP,12 MP (kép),iOS 14.1,Apple A14 Bionic,64 GB,4 GB,,16.990.000đ
1,Điện thoại iPhone 12 128GB Đỏ,Super Retina XDR,"6.1 inch """,2532 x 1170 pixels,12 MP,12 MP (kép),iOS 14.1,Apple A14 Bionic,128 GB,4 GB,,18.990.000đ
2,Điện thoại iPhone 12 Pro 256GB Xám,,"6.1 """,,12 MP,"12 MP, 12 MP, 12 MP",iOS 14.1,Apple A14 Bionic,256 GB,6 GB,,24.990.000đ
3,Điện thoại iPhone 12 Pro 256GB Xanh,,"6.1 """,,12 MP,"12 MP, 12 MP, 12 MP",iOS 14.1,Apple A14 Bionic,256 GB,6 GB,,28.990.000đ
4,Điện thoại iPhone 13 Pro 128GB Bạc,OLED,"6.1 """,2532 x 1170 pixels,12MP,12MP-12MP-12MP,iOS 15,Apple A15 Bionic,128GB,6GB,,27.490.000đ
5,Điện thoại iPhone 13 Pro 256GB Xám,OLED,"6.1 """,2532 x 1170 pixels,12MP,12MP-12MP-12MP,iOS 15,Apple A15 Bionic,256GB,6GB,,29.790.000đ
6,Điện thoại iPhone 13 Pro 256GB Xanh Dương,OLED,"6.1 """,2532 x 1170 pixels,12MP,12MP-12MP-12MP,iOS 15,Apple A15 Bionic,256GB,6GB,,29.790.000đ
7,Điện thoại iPhone 13 Pro Max 128GB Vàng Đồng,OLED,"6.7 """,1284 x 2778 pixels,12MP,12MP-12MP-12MP,iOS 15,Apple A15 Bionic,128GB,6GB,,29.990.000đ
8,Điện thoại iPhone 11 64GB Xanh Lá,"Liquid Retina, IPS LCD","6.1 """,828 x 1792 pixels,12 MP,12 MP + 12 MP,,Apple A13 Bionic,64GB,4GB,3110 mAh,11.690.000đ
9,Điện thoại iPhone 11 64GB Trắng,Liquid Retina HD display,"6.1 """,1792 x 828 pixels,"12 MP, ƒ/2.2 aperture",Dual 12MP Ultra Wide và Wide cameras,iOS 13,Apple A13 Bionic 6 nhân,64 GB,4 GB,,11.690.000đ
10,Điện thoại Xiaomi Redmi 9A 2GB/32GB Xanh dương,IPS LCD,"6.53 """,HD+ (700 x 1600) pixels,5 MP,13 MP,Android 10,MediaTek Helio G25 8 nhân,32 GB,2 GB,5000 mAh,2.290.000đ
11,Điện thoại Samsung Galaxy A52 4G 8GB/128GB Xanh,"Màn hình tràn viền vô cực Super AMOLED Full HD+, độ sáng màn hình đến 800nit","6.5 """,,32MP,4 camera: 64MP+12MP + 5MP + 5MP,,Vi xử lý 8 nhân Snapdragon 720G,128GB,8GB,"4500mAh, Công nghệ Sạc nhanh siêu tốc 25W",6.290.000đ
12,Điện thoại Samsung Galaxy A32 4G 6GB/128GB Xanh,"Infinity-U, Super AMOLED 90Hz, Tỉ lệ 20:9","6.4 """,FHD+ (1080x2400) pixels,20MP,"Siêu rộng: 8MP, Rộng: 64MP, Xóa phông: 5MP, Cận cảnh: 5MP",,"Vi xử lý Helio G80 (12nm), Octa-core 2.0GHz",128GB,6GB,"5000mAh, Công Nghệ Sạc Nhanh Siêu Tốc 15W",5.650.000đ
13,Điện thoại Samsung Galaxy A52 4G 8GB/128GB Đen,"Màn hình tràn viền vô cực Super AMOLED Full HD+, độ sáng màn hình đến 800nit","6.5 """,,32MP,4 camera: 64MP+12MP + 5MP + 5MP,,Vi xử lý 8 nhân Snapdragon 720G,128GB,8GB,"4500mAh, Công nghệ Sạc nhanh siêu tốc 25W",6.290.000đ
14,Điện thoại Samsung Galaxy A32 4G 6GB/128GB Tím,"Infinity-U, Super AMOLED 90Hz, Tỉ lệ 20:9","6.4 """,FHD+ (1080x2400) pixels,20MP,"Siêu rộng: 8MP, Rộng: 64MP, Xóa phông: 5MP, Cận cảnh: 5MP",Android,"Vi xử lý Helio G80 (12nm), Octa-core 2.0GHz",128GB,6GB,"5000mAh, Công Nghệ Sạc Nhanh Siêu Tốc 15W",5.650.000đ
15,Điện thoại Samsung Galaxy S20 FE 8GB/256GB Xanh,Infinity-O Super AMOLED,"6.5 """,,32 MP,"Chính 12 MP, 8 MP, 12 MP",,,256 GB,8 GB,"4500 mAh, Sạc pin nhanh 25W",10.290.000đ
16,Điện thoại Samsung Galaxy A72 4G 8GB/256GB Đen,"Màn hình tràn viền vô cực Super AMOLED, độ sáng màn hình 800nit, Full HD+","6.7 """,,32MP,,,Vi xử lý 8 nhân Snapdragon 720G,256GB,8GB,"5000mAh, Công nghệ Sạc nhanh siêu tốc 25W",11.490.000đ
17,Điện thoại Samsung Galaxy A32 4G 6GB/128GB Đen,"Infinity-U, Super AMOLED 90Hz, Tỉ lệ 20:9","6.4 """,FHD+ (1080x2400) pixels,20MP,"Siêu rộng: 8MP, Rộng: 64MP, Xóa phông: 5MP, Cận cảnh: 5MP",,"Vi xử lý Helio G80 (12nm), Octa-core 2.0GHz",128GB,6GB,"5000mAh, Công Nghệ Sạc Nhanh Siêu Tốc 15W",5.650.000đ
18,Điện thoại Samsung Galaxy A72 4G 8GB/256GB Tím,"Màn hình tràn viền vô cực Super AMOLED, độ sáng màn hình 800nit, Full HD+","6.7 """,,32MP,,,Vi xử lý 8 nhân Snapdragon 720G,256GB,8GB,"5000mAh, Công nghệ Sạc nhanh siêu tốc 25W",11.490.000đ
19,Điện thoại Xiaomi Redmi 9C 3GB/64GB Xám,IPS LCD,"6.53 """,HD+ (720 x 1600) pixels,5 MP,"13 MP, 2 MP, 2 MP",Android 10,MediaTek Helio G35 8 nhân,64 GB,3 GB,5000 mAh,2.790.000đ
20,Điện thoại Samsung Galaxy S21 Ultra 5G 12GB/128GB Bạc,"Vô cực Infinity-O, WQHD+, Dynamic AMOLED 2X","6.8 """,,Ống kính 40MP AF F2.2,"Ống kính góc siêu rộng 12MP (2PD) AF f2.2, Ống kính góc rộng 108MP F1.8 OIS, Ống kính Zoom quang học 1 10MP (3x, 2PD) OIS F2.4, Ống kính Zoom quang học 2 10MP (10x, 2PD) OIS F4.9, ToF Laser AF, Quay phim 8K",,Vi xử lý Exynos 2100 (5nm),128GB,12GB,5000mAh sạc siêu nhanh 25W / Sạc không dây,19.990.000đ
21,Điện thoại Samsung Galaxy A72 4G 8GB/256GB Xanh,"Màn hình tràn viền vô cực Super AMOLED, độ sáng màn hình 800nit, Full HD+","6.7 """,,32MP,,,Vi xử lý 8 nhân Snapdragon 720G,256GB,8GB,"5000mAh, Công nghệ Sạc nhanh siêu tốc 25W",9.192.000đ
22,Điện thoại Xiaomi Redmi 9A 2GB/32GB Xám,IPS LCD,"6.53 """,HD+ (700 x 1600) pixels,5 MP,13 MP,Android 10,MediaTek Helio G25 8 nhân,32 GB,2 GB,5000 mAh,2.290.000đ
23,Điện thoại Samsung Galaxy S20 Ultra Xám,Dynamic AMOLED 2x,"6.9 """,,40 MP,108 MP + 48 MP + 12 MP,"Android 10, One UI 2.1",Exynos 990,128 GB,12 GB,5000 mAh,29.990.000đ
24,Điện thoại OPPO Reno4 Xanh thiên hà,AMOLED,"6.4 """,FHD+ (1080 x 2400) pixels,32 MP,4 camera sau: 48MP; 8MP; 2MP; 2MP,"ColorOS 7.2, nền tảng Android 10",Qualcomm Snapdragon 720G,128 GB,8 GB,4015mAH,6.792.000đ
25,Điện thoại Samsung Galaxy A22 6GB/128GB Xanh,"Tràn viền vô cực Infinity-U, Super AMOLED HD+, Tần số quét 90Hz, độ sáng lên đến 600 nit","6.4 """,,13 MP,4 Camera: 48 MP + 8 MP + 2 MP + 2 MP,,"Bộ vi xử lí tám nhân, xung nhịp tối đa 2GHz",128GB,6GB,"5000 mAh, Công nghệ sạc nhanh siêu tốc 15W",4.790.000đ
26,Điện thoại Samsung Galaxy A72 4G 8GB/256GB Trắng,"Màn hình tràn viền vô cực Super AMOLED, độ sáng màn hình 800nit, Full HD+","6.7 """,,32MP,,,Vi xử lý 8 nhân Snapdragon 720G,256GB,8GB,"5000mAh, Công nghệ Sạc nhanh siêu tốc 25W",11.490.000đ
27,Điện thoại Samsung Galaxy A22 6GB/128GB Đen,"Tràn viền vô cực Infinity-U, Super AMOLED HD+, Tần số quét 90Hz, độ sáng lên đến 600 nit","6.4 """,,13 MP,4 Camera: 48 MP + 8 MP + 2 MP + 2 MP,,"Bộ vi xử lí tám nhân, xung nhịp tối đa 2GHz",128GB,6GB,"5000 mAh, Công nghệ sạc nhanh siêu tốc 15W",4.790.000đ
28,Điện thoại Xiaomi Redmi 9C 3GB/64GB Cam,IPS LCD,"6.53 """,HD+ (720 x 1600) pixels,5 MP,"13 MP, 2 MP, 2 MP",Android 10,MediaTek Helio G35 8 nhân,64 GB,3 GB,5000 mAh,2.790.000đ
29,Điện thoại Nokia C20 2GB/32GB Xanh,"chuẩn HD+ giọt nước, tỉ lệ 20:9","6.5 """,,"5MP, f2.2 với đèn Flash","5MP, f2.2 với đèn Flash",Android 11 (phiên bản Go),SC9863A 8 nhân | 1.6GHz,"32 GB e-MMC 5.1, hỗ trợ thẻ nhớ ngoài 64GB",2 GB DDR3 DRAM,"2950 mAh, pin rời",2.040.000đ
30,Điện thoại Samsung Galaxy A13 4GB/128GB Đen,FHD+ Infinity-V,"6.6 """,,8MP,Sau 50MP + Chụp Góc Siêu Rộng 5MP + Xoá phông 2MP + Macro 2MP,,Exynos850 (8 nhân),128GB,4GB,"5000 mAh, Sạc nhanh 15W",3.890.000đ
31,Điện thoại Samsung A33 5G 6GB/128GB Xanh,Super AMOLED,"6,4"" """,FHD +(1080 x 2400 ) pixels,13.0 MP,48.0 MP + 8.0 MP + 5.0 MP + 2.0 MP,Android,,128GB,6GB,,8.090.000đ
32,Điện thoại iPhone 12 64GB Xanh lá,Super Retina XDR,"6.1 inch """,2532 x 1170 pixels,12MP,12 MP (kép),iOS 14.1,Apple A14 Bionic,64 GB,4 GB,,16.990.000đ
33,Điện thoại iPhone 12 128GB Đỏ,Super Retina XDR,"6.1 inch """,2532 x 1170 pixels,12 MP,12 MP (kép),iOS 14.1,Apple A14 Bionic,128 GB,4 GB,,18.990.000đ
34,Điện thoại iPhone 12 Pro 256GB Xám,,"6.1 """,,12 MP,"12 MP, 12 MP, 12 MP",iOS 14.1,Apple A14 Bionic,256 GB,6 GB,,24.990.000đ
35,Điện thoại iPhone 12 Pro 256GB Xanh,,"6.1 """,,12 MP,"12 MP, 12 MP, 12 MP",iOS 14.1,Apple A14 Bionic,256 GB,6 GB,,28.990.000đ
36,Điện thoại iPhone 13 Pro 128GB Bạc,OLED,"6.1 """,2532 x 1170 pixels,12MP,12MP-12MP-12MP,iOS 15,Apple A15 Bionic,128GB,6GB,,27.490.000đ
37,Điện thoại iPhone 13 Pro 256GB Xám,OLED,"6.1 """,2532 x 1170 pixels,12MP,12MP-12MP-12MP,iOS 15,Apple A15 Bionic,256GB,6GB,,29.790.000đ
38,Điện thoại iPhone 13 Pro 256GB Xanh Dương,OLED,"6.1 """,2532 x 1170 pixels,12MP,12MP-12MP-12MP,iOS 15,Apple A15 Bionic,256GB,6GB,,29.790.000đ
39,Điện thoại iPhone 13 Pro Max 128GB Vàng Đồng,OLED,"6.7 """,1284 x 2778 pixels,12MP,12MP-12MP-12MP,iOS 15,Apple A15 Bionic,128GB,6GB,,29.990.000đ
40,Điện thoại iPhone 11 64GB Xanh Lá,"Liquid Retina, IPS LCD","6.1 """,828 x 1792 pixels,12 MP,12 MP + 12 MP,,Apple A13 Bionic,64GB,4GB,3110 mAh,11.690.000đ
41,Điện thoại iPhone 11 64GB Trắng,Liquid Retina HD display,"6.1 """,1792 x 828 pixels,"12 MP, ƒ/2.2 aperture",Dual 12MP Ultra Wide và Wide cameras,iOS 13,Apple A13 Bionic 6 nhân,64 GB,4 GB,,11.690.000đ
42,Điện thoại Samsung Galaxy A03 32GB Đen,Infinity-V TFT LCD 20:9,"6.5 """,HD+ (720x1600) pixels,5MP F2.2,"48MP F1.8 (Main), 2MP F2.4 (Depth)",,,32GB,,5000mAh,2.790.000đ
43,Điện thoại Samsung Galaxy A13 4GB/128GB Xanh,FHD+ Infinity-V,"6.6 """,,8MP,Sau 50MP + Chụp Góc Siêu Rộng 5MP + Xoá phông 2MP + Macro 2MP,,Exynos850 (8 nhân),128GB,4GB,"5000 mAh, Sạc nhanh 15W",3.890.000đ
44,Điện thoại Samsung Galaxy A23 4GB/128GB Đen,FHD+ Infinity-V 90Hz,"6.6 """,,8.0MP,50MP với chế độ quay chụp OIS sắc nét + Chụp Góc Siêu Rộng 5MP + Xoá phông 2MP + Macro 2MP,,Snapdragon 680 (SM6225) (8 nhân),128GB,4GB,"5000 mAh, Sạc nhanh 25W",5.390.000đ
45,Điện thoại Samsung A33 5G 6GB/128GB Đen,Super AMOLED,"6,4"" """,FHD +(1080 x 2400 ) pixels,13.0 MP,48.0 MP + 8.0 MP + 5.0 MP + 2.0 MP,Android,,128GB,6GB,,8.090.000đ
46,Điện thoại Samsung Galaxy A03 32GB Xanh,Infinity-V TFT LCD 20:9,"6.5 """,HD+ (720x1600) pixels,5MP F2.2,"48MP F1.8 (Main), 2MP F2.4 (Depth)",,,32GB,,5000mAh,2.790.000đ
47,Điện thoại Samsung Galaxy A03s 64GB Đen,PLS TFT LCD,"6.5 """,HD+ pixels,5 MP,13 MP + 2 MP + 2 MP,Android,MediaTek MT6765,64GB,4GB,5000 mAh,3.190.000đ
48,Điện thoại Samsung Galaxy A03s 64GB Xanh,PLS TFT LCD,"6.5 """,HD+ 720 x 1600 pixels,5 MP,13 MP + 2 MP + 2 MP,,MediaTek MT6765,64GB,4GB,5000 mAh,3.440.000đ
49,Điện thoại iPhone 11 64GB Trắng,Liquid Retina HD display,"6.1 """,1792 x 828 pixels,"12 MP, ƒ/2.2 aperture",Dual 12MP Ultra Wide và Wide cameras,iOS 13,Apple A13 Bionic 6 nhân,64 GB,4 GB,,11.690.000đ
50,Điện thoại Samsung A53 5G 128GB Cam,FHD+ Infinity-O Super AMOLED 120Hz,"6.5 """,,32.0MP,64MP với chế độ quay chụp OIS sắc nét + Chụp Góc Siêu Rộng 12MP + Xoá phông 5MP + Macro 5MP,,Exynos 1280 (8 nhân),128GB,8GB,"5,000 mAh Sạc nhanh 25W",8.990.000đ
51,Điện thoại Samsung Galaxy A23 4GB/128GB Xanh,FHD+ Infinity-V 90Hz,"6.6 """,,8.0MP,50MP với chế độ quay chụp OIS sắc nét + Chụp Góc Siêu Rộng 5MP + Xoá phông 2MP + Macro 2MP,,Snapdragon 680 (SM6225) (8 nhân),128GB,4GB,"5000 mAh, Sạc nhanh 25W",4.890.000đ
52,Điện thoại Vivo Y15s 3GB/32GB Xanh Đen,LCD (IPS),"6.51 """,HD+ 1600*720 pixels,f/2.0 (8MP),f/2.2 (13MP) + f/2.4 (2MP),Funtouch OS 11.1 (Tùy biến trên Android 11 (Go Edition),MediaTek Helio P35,32GB,3GB,5000mAh (TYP),2.750.000đ
53,Điện thoại Samsung A53 5G 128GB Xanh,FHD+ Infinity-O Super AMOLED 120Hz,"6.5 """,,32.0MP,64MP với chế độ quay chụp OIS sắc nét + Chụp Góc Siêu Rộng 12MP + Xoá phông 5MP + Macro 5MP,,Exynos 1280 (8 nhân),128GB,8GB,"5,000 mAh Sạc nhanh 25W",8.990.000đ
54,Điện thoại Samsung A73 8GB/128GB Xanh,Infinity-O Display,"6.7” """,FHD+ (2400x1080) pixels,32 MP,108 MP + 12 MP + 5 MP + 5 MP,Android 12,Snapdragon 778G (8 nhân),128GB,8GB,"5,000 mAh",11.190.000đ
55,Điện thoại Samsung A53 5G 128GB Đen,FHD+ Infinity-O Super AMOLED 120Hz,"6.5 """,,32.0MP,64MP với chế độ quay chụp OIS sắc nét + Chụp Góc Siêu Rộng 12MP + Xoá phông 5MP + Macro 5MP,,Exynos 1280 (8 nhân),128GB,8GB,"5,000 mAh Sạc nhanh 25W",8.990.000đ
56,Điện thoại iPhone 11 64GB Tím,Liquid Retina HD display,"6.1 """,1792x828 pixels,"12 MP, ƒ/2.2 aperture",Dual 12MP Ultra Wide và Wide cameras,iOS 13,Apple A13 Bionic 6 nhân,64 GB,4 GB,,11.690.000đ
57,Điện thoại Vivo Y15s 3GB/32GB Trắng Xanh,LCD (IPS),"6.51 """,HD+ 1600*720 pixels,f/2.0 (8MP),f/2.2 (13MP) + f/2.4 (2MP),Funtouch OS 11.1 (Tùy biến trên Android 11 (Go Edition),MediaTek Helio P35,32GB,3GB,5000mAh (TYP),2.750.000đ
58,Điện thoại Samsung A73 8GB/128GB Xám,Infinity-O Display,"6.7” """,FHD+ (2400x1080) pixels,32 MP,108 MP + 12 MP+ 5 MP+ 5 MP,Android 12,,128 GB,8 GB,"5,000 mAh",11.190.000đ
59,Điện thoại OPPO A55 4GB/64GB Đen,"LCD, màn hình chấm ""O"", Kính cường lực NEG T2X-1, 16 triệu màu","6.5 """,HD+ 720 x 1600 pixels,16 MP,50 MP (chính) + 2 MP (marco) + 2 MP (xóa phông),"ColorOS 11.1, nền tảng Android 11","Helio G35, tối đa 2.3GHz",64GB,4GB,"5000mAh (Typ), Sạc 18W",4.190.000đ
60,Điện thoại Samsung Galaxy A23 4GB/128GB Cam,FHD+ Infinity-V 90Hz,"6.6 """,,8.0MP,50MP với chế độ quay chụp OIS sắc nét + Chụp Góc Siêu Rộng 5MP + Xoá phông 2MP + Macro 2MP,,Snapdragon 680 (SM6225) (8 nhân),128GB,4GB,"5000 mAh, Sạc nhanh 25W",5.390.000đ
61,Điện thoại OPPO A55 4GB/64GB Xanh,"LCD, màn hình chấm ""O"", Kính cường lực NEG T2X-1, 16 triệu màu","6.5 """,HD+ 720 x 1600 pixels,16 MP,50 MP (chính) + 2 MP (marco) + 2 MP (xóa phông),"ColorOS 11.1, nền tảng Android 11","Helio G35, tối đa 2.3GHz",64GB,4GB,"5000mAh (Typ), Sạc 18W",4.190.000đ
62,Điện thoại Nokia C30 3GB/32GB Xanh Lục,,"6.82 """,HD+ (720 x 1600) pixels,5 MP,Chính 13 MP & Phụ 2 MP,Android 11 (Go Edition),,32 GB,3GB,6000 mAh,2.650.000đ
63,Điện thoại Samsung Galaxy A03 32GB Đỏ,Infinity-V TFT LCD 20:9,"6.5 """,HD+ (720x1600) pixels,5MP F2.2,"48MP F1.8 (Main), 2MP F2.4 (Depth)",,,32GB,,5000mAh,2.790.000đ
64,Điện thoại iPhone 12 64GB Xanh lá,Super Retina XDR,"6.1 inch """,2532 x 1170 pixels,12MP,12 MP (kép),iOS 14.1,Apple A14 Bionic,64 GB,4 GB,,16.990.000đ
65,Điện thoại iPhone 12 128GB Đỏ,Super Retina XDR,"6.1 inch """,2532 x 1170 pixels,12 MP,12 MP (kép),iOS 14.1,Apple A14 Bionic,128 GB,4 GB,,18.990.000đ
66,Điện thoại iPhone 12 Pro 256GB Xám,,"6.1 """,,12 MP,"12 MP, 12 MP, 12 MP",iOS 14.1,Apple A14 Bionic,256 GB,6 GB,,24.990.000đ
67,Điện thoại iPhone 12 Pro 256GB Xanh,,"6.1 """,,12 MP,"12 MP, 12 MP, 12 MP",iOS 14.1,Apple A14 Bionic,256 GB,6 GB,,28.990.000đ
68,Điện thoại iPhone 13 Pro 128GB Bạc,OLED,"6.1 """,2532 x 1170 pixels,12MP,12MP-12MP-12MP,iOS 15,Apple A15 Bionic,128GB,6GB,,27.490.000đ
69,Điện thoại iPhone 13 Pro 256GB Xám,OLED,"6.1 """,2532 x 1170 pixels,12MP,12MP-12MP-12MP,iOS 15,Apple A15 Bionic,256GB,6GB,,29.790.000đ
70,Điện thoại iPhone 13 Pro 256GB Xanh Dương,OLED,"6.1 """,2532 x 1170 pixels,12MP,12MP-12MP-12MP,iOS 15,Apple A15 Bionic,256GB,6GB,,29.790.000đ
71,Điện thoại iPhone 13 Pro Max 128GB Vàng Đồng,OLED,"6.7 """,1284 x 2778 pixels,12MP,12MP-12MP-12MP,iOS 15,Apple A15 Bionic,128GB,6GB,,29.990.000đ
72,Điện thoại iPhone 11 64GB Xanh Lá,"Liquid Retina, IPS LCD","6.1 """,828 x 1792 pixels,12 MP,12 MP + 12 MP,,Apple A13 Bionic,64GB,4GB,3110 mAh,11.690.000đ
73,Điện thoại iPhone 11 64GB Trắng,Liquid Retina HD display,"6.1 """,1792 x 828 pixels,"12 MP, ƒ/2.2 aperture",Dual 12MP Ultra Wide và Wide cameras,iOS 13,Apple A13 Bionic 6 nhân,64 GB,4 GB,,11.690.000đ
74,Điện thoại Oppo A95 8GB/128GB Bạc,"màn hình chấm O, AMOLED, Kính cường lực Schott X-UP, 16 triệu màu","6.43 """,1080 x 2400 (FHD+) pixels,16 MP,48 MP (chính) + 2 MP (chiều sâu) + 2 MP (marco),"ColorOS 11.1, nền tảng Android 11","Qualcomm Snapdragon 662, tối đa 2.0GHz",128GB,8GB,"5000mAh (Typ), Sạc 33W",5.990.000đ
75,Điện thoại Xiaomi Redmi Note 11 Pro 8GB/128GB Xám,Super AMOLED,"6.67"" """,,16MP,108MP+ 8MP+ 2MP+ 2MP,Android 11,,128GB,8GB,5000 mAh,6.590.000đ
76,Điện thoại Samsung Galaxy A13 4GB/128GB Cam,FHD+ Infinity-V,"6.6 """,,8MP,Sau 50MP + Chụp Góc Siêu Rộng 5MP + Xoá phông 2MP + Macro 2MP,,Exynos850 (8 nhân),128GB,4GB,"5000 mAh, Sạc nhanh 15W",4.290.000đ
77,Điện thoại OPPO A76 6GB/128GB Xanh,"Màn hình chấm O, LCD, 90Hz, Kính cường lực AGC DT-Pro, 16 triệu màu","6.56 """,(HD+) 720 x 1612 pixels,8 MP,13 MP (chính) + 2 MP (đơn sắc),"ColorOS 11.1, nền tảng Android 11","Qualcomm Snapdragon 680, tối đa 2.4GHz",128GB,6GB,5000mAh (Typ),5.490.000đ
78,Điện thoại Samsung Galaxy A52s 5G 8GB/128GB Tím,Infinity-O Display,"6.5 """,,32 MP,Chính 64 MP 12MP 5MP 5MP,Android 11,Qualcomm Snapdragon 778G 5G (6 nm),128GB,8GB,"4500 mAh, 25W sạc nhanh",10.990.000đ
79,Điện thoại Vivo Y33s 8GB/128GB Đen,LCD,"6.58 """,FHD+ (2408×1080) pixels,16MP,50MP + 2MP + 2MP,Funtouch OS 11.1 (Tuỳ biến trên Android 11),MediaTek Helio G80,128GB,8GB,"5000mAh (TYP), Sạc Siêu Tốc 18W",4.890.000đ
80,Điện thoại Oppo A95 8GB/128GB Đen,"màn hình chấm O, AMOLED, Kính cường lực Schott X-UP, 16 triệu màu","6.43 """,1080 x 2400 (FHD+) pixels,16 MP,48 MP (chính) + 2 MP (chiều sâu) + 2 MP (marco),"ColorOS 11.1, nền tảng Android 11","Qualcomm Snapdragon 662, tối đa 2.0GHz",128GB,8GB,"5000mAh (Typ), Sạc 33W",5.990.000đ
81,Điện thoại OPPO A76 6GB/128GB Đen,"Màn hình chấm O, LCD, 90Hz, Kính cường lực AGC DT-Pro, 16 triệu màu","6.56 """,(HD+) 720 x 1612 pixels,8 MP,13 MP (chính) + 2 MP (đơn sắc),"ColorOS 11.1, nền tảng Android 11","Qualcomm Snapdragon 680, tối đa 2.4GHz",128GB,6GB,5000mAh (Typ),5.490.000đ
82,Điện thoại Vivo Y21s 4GB/128GB Trắng,LCD,"6.51 """,HD+ (1600*720)  pixels,8MP,50MP + 2MP + 2MP,Funtouch OS 11.1 (Tuỳ biến trên Android 11),Mediatek Helio G80,128GB,4GB,"5000mAh (TYP), Sạc Siêu Tốc 18W",4.150.000đ
83,Điện thoại Vivo V23e 8GB/128GB Đen,AMOLED,"6.44 """,FHD+ 2400×1080 pixels,50MP,64MP AF + 8MP (Góc siêu rộng) + 2MP (Siêu cận),Funtouch OS 12 (Tùy biến trên Android 11),MediaTek Helio G96,128GB,8GB,4050mAh (TYP),6.490.000đ
84,Điện thoại OPPO Reno7 Z 5G Đen,"Màn hình đục lỗ, AMOLED, 60Hz, Kính cường lực Schott X-UP, 16 triệu màu","6.43 """,(FHD+) 1080 x 2400 pixels,16MP,64MP (Chính) + 2MP (Mono) + 2MP (Marco),"ColorOS 12, nền tảng Android 11","Qualcomm Snapdragon 695 5G, tối đa 2.2GHz",128GB,8GB,"4500mAh (Typ), Siêu sạc nhanh superVOOC 33W",9.490.000đ
85,Điện thoại Vivo Y33s 8GB/128GB Xanh Hồng,LCD,"6.58 """,FHD+ (2408×1080) pixels,16MP,50MP + 2MP + 2MP,Funtouch OS 11.1 (Tuỳ biến trên Android 11),MediaTek Helio G80,128GB,8GB,"5000mAh (TYP), Sạc Siêu Tốc 18W",4.890.000đ
86,Điện thoại Samsung A33 5G 6GB/128GB Cam,Super AMOLED,"6,4"" """,FHD +(1080 x 2400 ) pixels,13.0 MP,48.0 MP + 8.0 MP + 5.0 MP + 2.0 MP,Android,,128GB,6GB,,8.090.000đ
87,Điện thoại OPPO Reno7 Z 5G Bạc,"Màn hình đục lỗ, AMOLED, 60Hz, Kính cường lực Schott X-UP, 16 triệu màu","6.43 """,(FHD+) 1080 x 2400 pixels,16MP,64MP (Chính) + 2MP (Mono) + 2MP (Marco),"ColorOS 12, nền tảng Android 11","Qualcomm Snapdragon 695 5G, tối đa 2.2GHz",128GB,8GB,"4500mAh (Typ), Siêu sạc nhanh superVOOC 33W",9.490.000đ
88,Điện thoại Samsung A53 5G 128GB Trắng,FHD+ Infinity-O Super AMOLED 120Hz,"6.5 """,,32.0MP,64MP với chế độ quay chụp OIS sắc nét + Chụp Góc Siêu Rộng 12MP + Xoá phông 5MP + Macro 5MP,,Exynos 1280 (8 nhân),128GB,8GB,"5,000 mAh Sạc nhanh 25W",8.990.000đ
89,Điện thoại OPPO A16K 3GB/32GB Xanh,"LCD, Corning Gorilla Glass 3, màn hình giọt nước, 16 triệu màu","6.52 """,(HD+) 720 x 1600 pixels,5 MP,13 MP,"ColorOS 11, nền tảng Android 11","Helio G35 8 nhân, tối đa 2.3GHz",32GB,3GB,4230mAh (Typ),3.150.000đ
90,Điện thoại iPhone 13 Pro Max 128GB Vàng Đồng,OLED,"6.7 """,1284 x 2778 pixels,12MP,12MP-12MP-12MP,iOS 15,Apple A15 Bionic,128GB,6GB,,29.990.000đ
91,Điện thoại Vivo Y21 4GB/64GB Trắng,Cảm ứng điện dung đa điểm,"6.51 """,1600*720 (HD+) pixels,8MP,13MP + 2MP,,Mediatek Helio P35,64GB,4GB,"5000mAh (TYP), Sạc Siêu Tốc 18W",3.690.000đ
92,Điện thoại Vivo V23e 8GB/128GB Xanh Hồng,AMOLED,"6.44 """,FHD+ 2400×1080 pixels,50MP,64MP AF + 8MP (Góc siêu rộng) + 2MP (Siêu cận),Funtouch OS 12 (Tùy biến trên Android 11),MediaTek Helio G96,128GB,8GB,4050mAh (TYP),6.490.000đ
93,Điện thoại OPPO A16K 3GB/32GB Đen,"LCD, Corning Gorilla Glass 3, màn hình giọt nước, 16 triệu màu","6.52 """,(HD+) 720 x 1600 pixels,5 MP,13 MP,"ColorOS 11, nền tảng Android 11","Helio G35 8 nhân, tối đa 2.3GHz",32GB,3GB,4230mAh (Typ),3.150.000đ
94,Điện thoại OPPO Reno7 4G 8GB/128GB Đen,AMOLED,"6.4 """,FHD+ (2400x1080) pixels,32MP,64MP(Chính) + 2MP(Marco) + 2MP(Bokeh),"Android 12, ColorOS 12.1","Qualcomm Snapdragon 680, tối đa 2.4GHz",128GB,8GB,4500 mAh,7.690.000đ
95,Điện thoại Xiaomi Redmi Note 11 4GB/64GB Xanh Dương Đậm,AMOLED,"6.43 """,Full HD+ 1080 x 2400 pixels,13 MP,"Camera góc rộng: 50 MP, f/1.8, PDAF; Camera góc siêu rộng: 8 MP; Camera Macro: 2MP f/2.4; Camera chân dung: 2MP",Android 11,Snapdragon 680 8 nhân,64 GB,4 GB,5000 mAh,3.990.000đ
96,Điện thoại iPhone 12 64GB Xanh lá,Super Retina XDR,"6.1 inch """,2532 x 1170 pixels,12MP,12 MP (kép),iOS 14.1,Apple A14 Bionic,64 GB,4 GB,,16.990.000đ
97,Điện thoại iPhone 12 128GB Đỏ,Super Retina XDR,"6.1 inch """,2532 x 1170 pixels,12 MP,12 MP (kép),iOS 14.1,Apple A14 Bionic,128 GB,4 GB,,18.990.000đ
98,Điện thoại iPhone 12 Pro 256GB Xám,,"6.1 """,,12 MP,"12 MP, 12 MP, 12 MP",iOS 14.1,Apple A14 Bionic,256 GB,6 GB,,24.990.000đ
99,Điện thoại iPhone 12 Pro 256GB Xanh,,"6.1 """,,12 MP,"12 MP, 12 MP, 12 MP",iOS 14.1,Apple A14 Bionic,256 GB,6 GB,,28.990.000đ
100,Điện thoại iPhone 13 Pro 128GB Bạc,OLED,"6.1 """,2532 x 1170 pixels,12MP,12MP-12MP-12MP,iOS 15,Apple A15 Bionic,128GB,6GB,,27.490.000đ
101,Điện thoại iPhone 13 Pro 256GB Xám,OLED,"6.1 """,2532 x 1170 pixels,12MP,12MP-12MP-12MP,iOS 15,Apple A15 Bionic,256GB,6GB,,29.790.000đ
102,Điện thoại iPhone 13 Pro 256GB Xanh Dương,OLED,"6.1 """,2532 x 1170 pixels,12MP,12MP-12MP-12MP,iOS 15,Apple A15 Bionic,256GB,6GB,,29.790.000đ
103,Điện thoại iPhone 13 Pro Max 128GB Vàng Đồng,OLED,"6.7 """,1284 x 2778 pixels,12MP,12MP-12MP-12MP,iOS 15,Apple A15 Bionic,128GB,6GB,,29.990.000đ
104,Điện thoại iPhone 11 64GB Xanh Lá,"Liquid Retina, IPS LCD","6.1 """,828 x 1792 pixels,12 MP,12 MP + 12 MP,,Apple A13 Bionic,64GB,4GB,3110 mAh,11.690.000đ
105,Điện thoại iPhone 11 64GB Trắng,Liquid Retina HD display,"6.1 """,1792 x 828 pixels,"12 MP, ƒ/2.2 aperture",Dual 12MP Ultra Wide và Wide cameras,iOS 13,Apple A13 Bionic 6 nhân,64 GB,4 GB,,11.690.000đ
106,Điện thoại Samsung A33 5G 6GB/128GB Trắng,Super AMOLED,"6,4"" """,FHD +(1080 x 2400 ) pixels,13.0 MP,48.0 MP + 8.0 MP + 5.0 MP + 2.0 MP,Android,,128GB,6GB,,8.090.000đ
107,Điện thoại OPPO Reno7 4G 8GB/128GB Cam,AMOLED,"6.4 """,FHD+ (2400x1080) pixels,32MP,64MP(Chính) + 2MP(Marco) + 2MP(Bokeh),"Android 12, ColorOS 12.1","Qualcomm Snapdragon 680, tối đa 2.4GHz",128GB,8GB,4500 mAh,7.690.000đ
108,Điện thoại Xiaomi Redmi Note 11 Pro 8GB/128GB Xanh Dương,Super AMOLED,"6.67"" """,,16MP,108MP+ 8MP+ 2MP+ 2MP,Android 11,,128GB,8GB,5000 mAh,6.590.000đ
109,Điện thoại Vivo Y21 4GB/64GB Xanh Tím,Cảm ứng điện dung đa điểm,"6.51 """,1600*720 (HD+) pixels,8MP,13MP + 2MP,,Mediatek Helio P35,64GB,4GB,"5000mAh (TYP), Sạc Siêu Tốc 18W",3.690.000đ
110,Điện thoại Vivo Y21s 6GB/128GB Trắng,LCD,"6.51 """,HD+ (1600*720)  pixels,8MP,50MP + 2MP + 2MP,Funtouch OS 11.1 (Tuỳ biến trên Android 11),Mediatek Helio G80,128GB,6GB,"5000mAh (TYP), Sạc Siêu Tốc 18W",4.490.000đ
111,Điện thoại Samsung A73 8GB/128GB Trắng,Infinity-O Display,"6.7"" """,FHD+ (2400x1080) pixels,32 MP,108 MP + 12 MP + 5 MP + 5 MP,Android 12,Snapdragon 778G (8 nhân),128 GB,8 GB,"5,000 mAh",11.190.000đ
112,Điện thoại Vivo Y21s 4GB/128GB Xanh,LCD,"6.51 """,HD+ (1600*720)  pixels,8MP,50MP + 2MP + 2MP,Funtouch OS 11.1 (Tuỳ biến trên Android 11),Mediatek Helio G80,128GB,4GB,"5000mAh (TYP), Sạc Siêu Tốc 18W",4.150.000đ
113,Điện thoại Nokia C21 Plus 2GB/64GB Xám Ánh Kim,,"6.5 """,HD+ (720 x 1560) pixels,5 MP,13 MP + 2 MP,Android 11 (Go Edition),,64 GB,2 GB,5050 mAh | Pin liền,2.490.000đ
114,Điện thoại Nokia C21 Plus 2GB/64GB Xanh Thiên Thạch,,"6.5 """,HD+ (720 x 1560) pixels,5 MP,13 MP + 2 MP,Android 11 (Go Edition),,64 GB,2 GB,5050 mAh | Pin liền,2.490.000đ
115,Điện thoại Samsung S22 Ultra 12GB/256GB Đen,,"6.8 """,,40MP,Camera chính 108MP; Camera góc siêu rộng 12MP; Camera tele 10MP; Camera tele 10MP,,Qualcomm Snapdragon 8 Gen 1,256GB,12GB,5.000 mAh,29.490.000đ
116,Điện thoại Xiaomi Redmi Note 11S 8GB/128GB Trắng,AMOLED LCD,"6.43 """,,16MP,108MP + 8MP + 2MP + 2MP,Android 11,Mediatek Helio G96 (12 nm),128GB,8GB,5000 mAh,5.790.000đ
117,Điện thoại iPhone 11 64GB Xanh Lá,"Liquid Retina, IPS LCD","6.1 """,828 x 1792 pixels,12 MP,12 MP + 12 MP,,Apple A13 Bionic,64GB,4GB,3110 mAh,11.690.000đ
118,Điện thoại iPhone 13 Pro 128GB Bạc,OLED,"6.1 """,2532 x 1170 pixels,12MP,12MP-12MP-12MP,iOS 15,Apple A15 Bionic,128GB,6GB,,27.490.000đ
119,Điện thoại iPhone 11 64GB Đen,Liquid Retina HD display,"6.1 """,1792 x 828 pixels,"12 MP, ƒ/2.2 aperture",Dual 12MP Ultra Wide và Wide cameras,iOS 13,Apple A13 Bionic 6 nhân,64 GB,4 GB,,11.690.000đ
120,Điện thoại Vivo Y21s 6GB/128GB Xanh,LCD,"6.51 """,HD+ (1600*720)  pixels,8MP,50MP + 2MP + 2MP,Funtouch OS 11.1 (Tuỳ biến trên Android 11),Mediatek Helio G80,128GB,6GB,"5000mAh (TYP), Sạc Siêu Tốc 18W",4.490.000đ
121,Điện thoại Xiaomi Redmi Note 11S 8GB/128GB Xanh Dương,AMOLED LCD,"6.43 """,,16MP,108MP + 8MP + 2MP + 2MP,Android 11,Mediatek Helio G96 (12 nm),128GB,8GB,5000 mAh,5.790.000đ
122,Điện thoại Samsung S22 Ultra 8GB/128GB Đen,,"6.8 """,,40MP,Camera chính 108MP; Camera góc siêu rộng 12MP; Camera tele 10MP; Camera tele 10MP,,Qualcomm Snapdragon 8 Gen 1,128GB,8GB,5.000 mAh,26.490.000đ
123,Điện thoại Samsung S22 Ultra 12GB/512GB Xanh Lá,,"6.8 """,,40MP,Camera chính 108MP; Camera góc siêu rộng 12MP; Camera tele 10MP; Camera tele 10MP,,Qualcomm Snapdragon 8 Gen 1,512GB,12GB,5.000 mAh,32.490.000đ
124,Điện thoại Xiaomi Redmi Note 11S 8GB/128GB Xám,AMOLED LCD,"6.43 """,,16MP,108MP + 8MP + 2MP + 2MP,Android 11,Mediatek Helio G96 (12 nm),128GB,8GB,5000 mAh,5.790.000đ
125,Điện thoại Samsung S21 FE 5G 8GB/128GB Tím,"Dynamic AMOLED 2X, Tần số quét 120 Hz","6.4 """,Full HD+ (1080 x 2340) pixels,32 MP,"Góc siêu rộng 12MP, Góc rộng 12MP, Tele 8MP",,Exynos 2100,128GB,8GB,"4,500mAh; Hỗ trợ sạc siêu nhanh 25W",16.990.000đ
126,Điện thoại Xiaomi Redmi Note 11 Pro 8GB/128GB Trắng,Super AMOLED,"6.67"" """,,16MP,108MP+ 8MP+ 2MP+ 2MP,Android 11,,128GB,8GB,5000 mAh,6.590.000đ
127,Điện thoại Samsung S22 Ultra 12GB/256GB Trắng,,"6.8 """,,40MP,Camera chính 108MP; Camera góc siêu rộng 12MP; Camera tele 10MP; Camera tele 10MP,,Qualcomm Snapdragon 8 Gen 1,256GB,12GB,5.000 mAh,29.490.000đ
128,Điện thoại iPhone 12 64GB Xanh lá,Super Retina XDR,"6.1 inch """,2532 x 1170 pixels,12MP,12 MP (kép),iOS 14.1,Apple A14 Bionic,64 GB,4 GB,,16.990.000đ
129,Điện thoại iPhone 12 128GB Đỏ,Super Retina XDR,"6.1 inch """,2532 x 1170 pixels,12 MP,12 MP (kép),iOS 14.1,Apple A14 Bionic,128 GB,4 GB,,18.990.000đ
130,Điện thoại iPhone 12 Pro 256GB Xám,,"6.1 """,,12 MP,"12 MP, 12 MP, 12 MP",iOS 14.1,Apple A14 Bionic,256 GB,6 GB,,24.990.000đ
131,Điện thoại iPhone 12 Pro 256GB Xanh,,"6.1 """,,12 MP,"12 MP, 12 MP, 12 MP",iOS 14.1,Apple A14 Bionic,256 GB,6 GB,,28.990.000đ
132,Điện thoại iPhone 13 Pro 128GB Bạc,OLED,"6.1 """,2532 x 1170 pixels,12MP,12MP-12MP-12MP,iOS 15,Apple A15 Bionic,128GB,6GB,,27.490.000đ
133,Điện thoại iPhone 13 Pro 256GB Xám,OLED,"6.1 """,2532 x 1170 pixels,12MP,12MP-12MP-12MP,iOS 15,Apple A15 Bionic,256GB,6GB,,29.790.000đ
134,Điện thoại iPhone 13 Pro 256GB Xanh Dương,OLED,"6.1 """,2532 x 1170 pixels,12MP,12MP-12MP-12MP,iOS 15,Apple A15 Bionic,256GB,6GB,,29.790.000đ
135,Điện thoại iPhone 13 Pro Max 128GB Vàng Đồng,OLED,"6.7 """,1284 x 2778 pixels,12MP,12MP-12MP-12MP,iOS 15,Apple A15 Bionic,128GB,6GB,,29.990.000đ
136,Điện thoại iPhone 11 64GB Xanh Lá,"Liquid Retina, IPS LCD","6.1 """,828 x 1792 pixels,12 MP,12 MP + 12 MP,,Apple A13 Bionic,64GB,4GB,3110 mAh,11.690.000đ
137,Điện thoại iPhone 11 64GB Trắng,Liquid Retina HD display,"6.1 """,1792 x 828 pixels,"12 MP, ƒ/2.2 aperture",Dual 12MP Ultra Wide và Wide cameras,iOS 13,Apple A13 Bionic 6 nhân,64 GB,4 GB,,11.690.000đ
138,Điện thoại Samsung S22 Ultra 8GB/128GB Trắng,,"6.8 """,,40MP,Camera chính 108MP; Camera góc siêu rộng 12MP; Camera tele 10MP; Camera tele 10MP,,Qualcomm Snapdragon 8 Gen 1,128GB,8GB,5.000 mAh,26.490.000đ
139,Điện thoại Samsung S22 Ultra 8GB/128GB Đỏ,,"6.8 """,,40MP,Camera chính 108MP; Camera góc siêu rộng 12MP; Camera tele 10MP; Camera tele 10MP,,Qualcomm Snapdragon 8 Gen 1,128GB,8GB,5.000 mAh,26.490.000đ
140,Điện thoại Samsung S21 FE 5G 6GB/128GB Tím,"Dynamic AMOLED 2X, Tần số quét 120 Hz","6.4 """,Full HD+ (1080 x 2340) pixels,32 MP,"Góc siêu rộng 12MP, Góc rộng 12MP, Tele 8MP",,Exynos 2100,128GB,6GB,"4,500mAh; Hỗ trợ sạc siêu nhanh 25W",10.990.000đ
141,Điện thoại Samsung S22 8GB/128GB Đen,,"6.1 inch """,1080 x 2340 pixels,,,,Qualcomm Snapdragon 8 Gen 1,128GB,8GB,3.700 mAh,17.990.000đ
142,Điện thoại Samsung Galaxy S22 Ultra 5G 256GB Xanh lá,Màn hình Dynamic AMOLED 2X,"6.8 """,Quad HD+ (3088 x 1440) pixels,40MP,"Chính 108MP, Phụ 12MP, 10MP và 10MP","Android 12, One UI 4.1",Vi xử lý 4nm,256GB,12GB,5000 mAh,33.990.000đ
143,Điện thoại Samsung Galaxy A52s 5G 8GB/128GB Xanh,Infinity-O Display,"6.5 """,,32 MP,Chính 64 MP 12MP 5MP 5MP,Android 11,Qualcomm Snapdragon 778G 5G (6 nm),128GB,8GB,"4500 mAh, 25W sạc nhanh",10.990.000đ
144,Điện thoại Samsung S22 Ultra 12GB/256GB Đỏ,,"6.8 """,,40MP,Camera chính 108MP; Camera góc siêu rộng 12MP; Camera tele 10MP; Camera tele 10MP,,Qualcomm Snapdragon 8 Gen 1,256GB,12GB,5.000 mAh,29.490.000đ
145,Điện thoại Samsung S21 FE 5G 8GB/128GB Xám,"Dynamic AMOLED 2X, Tần số quét 120 Hz","6.4 """,Full HD+ (1080 x 2340) pixels,32 MP,"Góc siêu rộng 12MP, Góc rộng 12MP, Tele 8MP",,Exynos 2100,128GB,8GB,"4,500mAh; Hỗ trợ sạc siêu nhanh 25W",16.990.000đ
146,Điện thoại Samsung S21 FE 5G 6GB/128GB Xanh Lá,"Dynamic AMOLED 2X, Tần số quét 120 Hz","6.4 """,Full HD+ (1080 x 2340) pixels,32 MP,"Góc siêu rộng 12MP, Góc rộng 12MP, Tele 8MP",,Exynos 2100,128GB,6GB,"4,500mAh; Hỗ trợ sạc siêu nhanh 25W",10.990.000đ
147,Điện thoại Samsung S22 Ultra 12GB/512GB Đỏ,,"6.8 """,,40MP,Camera chính 108MP; Camera góc siêu rộng 12MP; Camera tele 10MP; Camera tele 10MP,,Qualcomm Snapdragon 8 Gen 1,512GB,12GB,5.000 mAh,32.490.000đ
148,Điện thoại Samsung Galaxy S22 Ultra 5G 128GB Xanh lá,Màn hình Dynamic AMOLED 2X,"6.8 """,Quad HD+ (3088 x 1440) pixels,40MP,"Chính 108MP, Phụ 12MP, 10MP và 10MP","Android 12, One UI 4.1",Vi xử lý 4nm,128GB,8GB,5000mAh,30.990.000đ
149,Điện thoại Samsung S22 Ultra 12GB/512GB Đen,,"6.8 """,,40MP,Camera chính 108MP; Camera góc siêu rộng 12MP; Camera tele 10MP; Camera tele 10MP,,Qualcomm Snapdragon 8 Gen 1,512GB,12GB,5.000 mAh,32.490.000đ
150,Điện thoại iPhone 13 Pro Max 128GB Bạc,OLED,"6.7 """,1284 x 2778 pixels,12MP,12MP-12MP-12MP,iOS 15,Apple A15 Bionic,128GB,6GB,,29.990.000đ
151,Điện thoại iPhone 11 128GB Đen,Liquid Retina HD display,"6.1 inch """,1792x828 pixels,"12 MP, ƒ/2.2 aperture",Dual 12MP Ultra Wide và Wide cameras,iOS 13,Apple A13 Bionic 6 nhân,128 GB,4 GB,3.110 mAh,13.490.000đ
152,Điện thoại Samsung S22 Plus 8GB/128GB Trắng,,"6.6 """,,,,,Qualcomm Snapdragon 8 Gen 1,128GB,8GB,4.500 mAh,21.790.000đ
153,Điện thoại Samsung S21 FE 5G 8GB/256GB Tím,"Dynamic AMOLED 2X, Tần số quét 120 Hz","6.4 """,Full HD+ (1080 x 2340) pixels,32 MP,"Góc siêu rộng 12MP, Góc rộng 12MP, Tele 8MP",,Exynos 2100,256GB,8GB,"4,500mAh; Hỗ trợ sạc siêu nhanh 25W",13.490.000đ
154,Điện thoại Samsung S22 Ultra 12GB/512GB Trắng,,"6.8 """,,40MP,Camera chính 108MP; Camera góc siêu rộng 12MP; Camera tele 10MP; Camera tele 10MP,,Qualcomm Snapdragon 8 Gen 1,512GB,12GB,5.000 mAh,32.490.000đ
155,Điện thoại Samsung Galaxy Z Fold 3 5G 256GB Xanh Lá,"Màn hình chính: UDC, 7.6"" QXGA+, Dynamic AMOLED 2X, 120Hz; Màn hình phụ: 6.2"" HD+, Dynamix AMOLED 2X, 120Hz",,,"Ẩn dưới màn hình chính: UDC, 4MP, FF, F1.8; Màn hình phụ: HID, 10MP, FF, F2.2","Chính (góc rộng): 12MP (2PD), F1.8, OIS; Siêu rộng: 12MP, F2.2, 123°; Bokeh/ Tele: 12MP, F2.4, OIS, 2x Zoom",Android 11,Qualcomm SM8350 Snapdragon 888 (5 nm),256GB,12GB,"Li-Po 4400 mAh, Fast charging 25W, Fast wireless charging 10W",31.990.000đ
156,Điện thoại Samsung Galaxy Z Fold 3 5G 512GB Bạc,"Màn hình chính: UDC, 7.6"" QXGA+, Dynamic AMOLED 2X, 120Hz; Màn hình phụ: 6.2"" HD+, Dynamix AMOLED 2X, 120Hz",,,"Ẩn dưới màn hình chính: UDC, 4MP, FF, F1.8; Màn hình phụ: HID, 10MP, FF, F2.2","Chính (góc rộng): 12MP (2PD), F1.8, OIS; Siêu rộng: 12MP, F2.2, 123°; Bokeh/ Tele: 12MP, F2.4, OIS, 2x Zoom",Android 11,Qualcomm SM8350 Snapdragon 888 (5 nm),512GB,12GB,"Li-Po 4400 mAh, Fast charging 25W, Fast wireless charging 10W",34.790.000đ
157,Điện thoại Samsung S22 Plus 8GB/256GB Trắng,,"6.6 """,,,,,Qualcomm Snapdragon 8 Gen 1,256GB,8GB,4.500 mAh,23.290.000đ
158,Điện thoại iPhone 13 Pro 256GB Xám,OLED,"6.1 """,2532 x 1170 pixels,12MP,12MP-12MP-12MP,iOS 15,Apple A15 Bionic,256GB,6GB,,29.790.000đ
159,Điện thoại Samsung S21 FE 5G 8GB/128GB Trắng,"Dynamic AMOLED 2X, Tần số quét 120 Hz","6.4 """,Full HD+ (1080 x 2340) pixels,32 MP,"Góc siêu rộng 12MP, Góc rộng 12MP, Tele 8MP",,Exynos 2100,128GB,8GB,"4,500mAh; Hỗ trợ sạc siêu nhanh 25W",16.990.000đ
160,Điện thoại iPhone 12 64GB Xanh lá,Super Retina XDR,"6.1 inch """,2532 x 1170 pixels,12MP,12 MP (kép),iOS 14.1,Apple A14 Bionic,64 GB,4 GB,,16.990.000đ
161,Điện thoại iPhone 12 128GB Đỏ,Super Retina XDR,"6.1 inch """,2532 x 1170 pixels,12 MP,12 MP (kép),iOS 14.1,Apple A14 Bionic,128 GB,4 GB,,18.990.000đ
162,Điện thoại iPhone 12 Pro 256GB Xám,,"6.1 """,,12 MP,"12 MP, 12 MP, 12 MP",iOS 14.1,Apple A14 Bionic,256 GB,6 GB,,24.990.000đ
163,Điện thoại iPhone 12 Pro 256GB Xanh,,"6.1 """,,12 MP,"12 MP, 12 MP, 12 MP",iOS 14.1,Apple A14 Bionic,256 GB,6 GB,,28.990.000đ
164,Điện thoại iPhone 13 Pro 128GB Bạc,OLED,"6.1 """,2532 x 1170 pixels,12MP,12MP-12MP-12MP,iOS 15,Apple A15 Bionic,128GB,6GB,,27.490.000đ
165,Điện thoại iPhone 13 Pro 256GB Xám,OLED,"6.1 """,2532 x 1170 pixels,12MP,12MP-12MP-12MP,iOS 15,Apple A15 Bionic,256GB,6GB,,29.790.000đ
166,Điện thoại iPhone 13 Pro 256GB Xanh Dương,OLED,"6.1 """,2532 x 1170 pixels,12MP,12MP-12MP-12MP,iOS 15,Apple A15 Bionic,256GB,6GB,,29.790.000đ
167,Điện thoại iPhone 13 Pro Max 128GB Vàng Đồng,OLED,"6.7 """,1284 x 2778 pixels,12MP,12MP-12MP-12MP,iOS 15,Apple A15 Bionic,128GB,6GB,,29.990.000đ
168,Điện thoại iPhone 11 64GB Xanh Lá,"Liquid Retina, IPS LCD","6.1 """,828 x 1792 pixels,12 MP,12 MP + 12 MP,,Apple A13 Bionic,64GB,4GB,3110 mAh,11.690.000đ
169,Điện thoại iPhone 11 64GB Trắng,Liquid Retina HD display,"6.1 """,1792 x 828 pixels,"12 MP, ƒ/2.2 aperture",Dual 12MP Ultra Wide và Wide cameras,iOS 13,Apple A13 Bionic 6 nhân,64 GB,4 GB,,11.690.000đ
170,Điện thoại iPhone 13 Pro 256GB Xám,OLED,"6.1 """,2532 x 1170 pixels,12MP,12MP-12MP-12MP,iOS 15,Apple A15 Bionic,256GB,6GB,,29.790.000đ
171,Điện thoại iPhone 13 256GB Hồng,OLED,"6.1 """,1170 x 2532 pixels,12MP,12MP-12MP,iOS 15,Apple A15 Bionic,256GB,4GB,,23.690.000đ
172,Điện thoại iPhone 13 Pro Max 512GB Xám,OLED,"6.7 """,1284 x 2778 pixels,12MP,12MP-12MP-12MP,iOS 15,Apple A15 Bionic,512GB,6GB,,38.490.000đ
173,Điện thoại iPhone 13 mini 128GB Đỏ,OLED,"5.4 """,Full HD+ (1080 x 2340) pixels,12MP,12MP-12MP,iOS 15,Apple A15 Bionic,128GB,4GB,,18.490.000đ
174,Điện thoại iPhone 13 Pro Max 512GB Bạc,OLED,"6.7 """,1284 x 2778 pixels,12MP,12MP-12MP-12MP,iOS 15,Apple A15 Bionic,512GB,6GB,,38.490.000đ
175,Điện thoại iPhone 13 Pro 512GB Xanh Dương,OLED,"6.1 """,2532 x 1170 pixels,12MP,12MP-12MP-12MP,iOS 15,Apple A15 Bionic,512GB,6GB,,35.990.000đ
176,Điện thoại iPhone 13 Pro Max 1TB Vàng Đồng,OLED,"6.7 """,1284 x 2778 pixels,12MP,12MP-12MP-12MP,iOS 15,Apple A15 Bionic,1TB,6GB,,44.490.000đ
177,Điện thoại iPhone 13 Pro 1TB Xám,OLED,"6.1 """,2532 x 1170 pixels,12MP,12MP-12MP-12MP,iOS 15,Apple A15 Bionic,1TB,6GB,,39.990.000đ
178,Điện thoại iPhone 13 256GB Xanh Dương,OLED,"6.1 """,1170 x 2532 pixels,12MP,12MP-12MP,iOS 15,Apple A15 Bionic,256GB,4GB,,23.690.000đ
179,Điện thoại iPhone 13 Pro Max 1TB Xanh Dương,OLED,"6.7 """,1284 x 2778 pixels,12MP,12MP-12MP-12MP,iOS 15,Apple A15 Bionic,1TB,6GB,,44.490.000đ
180,Điện thoại iPhone 13 Pro Max 256GB Bạc,OLED,"6.7 """,1284 x 2778 pixels,12MP,12MP-12MP-12MP,iOS 15,Apple A15 Bionic,256GB,6GB,,32.990.000đ
181,Điện thoại Nokia C21 Plus 3GB/32GB Xám Ánh Kim,,"6.5 """,(HD+) 720 x 1600 pixels,5 MP,13 MP + 2 MP,Android 11 (Go Edition),,32 GB,3 GB,5050 mAh | Pin liền,3.190.000đ
182,Điện thoại Samsung Galaxy A22 6GB/128GB Tím,"Tràn viền vô cực Infinity-U, Super AMOLED HD+, Tần số quét 90Hz, độ sáng lên đến 600 nit","6.4 """,,13 MP,4 Camera: 48 MP + 8 MP + 2 MP + 2 MP,,"Bộ vi xử lí tám nhân, xung nhịp tối đa 2GHz",128GB,6GB,"5000 mAh, Công nghệ sạc nhanh siêu tốc 15W",4.790.000đ
183,Điện thoại Xiaomi Redmi 9A 2GB/32GB Xanh lá,IPS LCD,"6.53 """,HD+ (700 x 1600) pixels,5 MP,13 MP,Android 10,MediaTek Helio G25 8 nhân,32 GB,2 GB,5000 mAh,2.290.000đ
184,Điện thoại Nokia C20 2GB/32GB Vàng,"chuẩn HD+ giọt nước, tỉ lệ 20:9","6.5 """,,"5MP, f2.2 với đèn Flash","5MP, f2.2 với đèn Flash",Android 11 (phiên bản Go),SC9863A 8 nhân | 1.6GHz,"32 GB e-MMC 5.1, hỗ trợ thẻ nhớ ngoài 64GB",2 GB DDR3 DRAM,"2950 mAh, pin rời",2.040.000đ
185,Điện thoại Vivo Y72 5G 8GB/128GB Đen,LCD (IPS),"6.58 """,FHD+ 2408 x 1080 pixels,16MP,64MP + 8MP + 2MP,Funtouch OS 11.1,Mediatek Dimensity 700,128 GB,8 GB,"5000mAh (TYP), Sạc Siêu Tốc 18W",5.590.000đ
186,Điện thoại Xiaomi Redmi 9C 3GB/64GB Xanh dương,IPS LCD,"6.53 """,HD+ (720 x 1600) pixels,5 MP,"13 MP, 2 MP, 2 MP",Android 10,MediaTek Helio G35 8 nhân,64 GB,3 GB,5000 mAh,2.790.000đ
187,Điện thoại Vivo Y72 5G 8GB/128GB Xanh Hồng,LCD (IPS),"6.58 """,FHD+ 2408 x 1080 pixels,16MP,64MP + 8MP + 2MP,Funtouch OS 11.1,Mediatek Dimensity 700,128 GB,8 GB,"5000mAh (TYP), Sạc Siêu Tốc 18W",5.590.000đ
188,Điện thoại iPhone 12 Pro 256GB Xám,,"6.1 """,,12 MP,"12 MP, 12 MP, 12 MP",iOS 14.1,Apple A14 Bionic,256 GB,6 GB,,24.990.000đ
189,Điện thoại iPhone 12 128GB Đỏ,Super Retina XDR,"6.1 inch """,2532 x 1170 pixels,12 MP,12 MP (kép),iOS 14.1,Apple A14 Bionic,128 GB,4 GB,,18.990.000đ
190,Điện thoại iPhone 12 64GB Xanh lá,Super Retina XDR,"6.1 inch """,2532 x 1170 pixels,12MP,12 MP (kép),iOS 14.1,Apple A14 Bionic,64 GB,4 GB,,16.990.000đ
191,Điện thoại OPPO Reno6 Z 5G 8GB/128GB Bạc,"Màn hình đục lỗ, AMOLED, Gorilla Glass 5, 16 triệu màu","6.43 """,(FHD+) 1080 x 2400 pixels,32MP,64MP (Chính) + 8MP (Góc rộng) + 2MP (Marco),"ColorOS 11.1, nền tảng Android 11","MTK Dimensity 800U 5G, tối đa 2.4GHz",128GB,8GB,"4310mAh (Typ), Sạc nhanh VOOC 4.0 30W",7.592.000đ
192,Điện thoại iPhone 12 64GB Xanh lá,Super Retina XDR,"6.1 inch """,2532 x 1170 pixels,12MP,12 MP (kép),iOS 14.1,Apple A14 Bionic,64 GB,4 GB,,16.990.000đ
193,Điện thoại iPhone 12 128GB Đỏ,Super Retina XDR,"6.1 inch """,2532 x 1170 pixels,12 MP,12 MP (kép),iOS 14.1,Apple A14 Bionic,128 GB,4 GB,,18.990.000đ
194,Điện thoại iPhone 12 Pro 256GB Xám,,"6.1 """,,12 MP,"12 MP, 12 MP, 12 MP",iOS 14.1,Apple A14 Bionic,256 GB,6 GB,,24.990.000đ
195,Điện thoại iPhone 12 Pro 256GB Xanh,,"6.1 """,,12 MP,"12 MP, 12 MP, 12 MP",iOS 14.1,Apple A14 Bionic,256 GB,6 GB,,28.990.000đ
196,Điện thoại iPhone 13 Pro 128GB Bạc,OLED,"6.1 """,2532 x 1170 pixels,12MP,12MP-12MP-12MP,iOS 15,Apple A15 Bionic,128GB,6GB,,27.490.000đ
197,Điện thoại iPhone 13 Pro 256GB Xám,OLED,"6.1 """,2532 x 1170 pixels,12MP,12MP-12MP-12MP,iOS 15,Apple A15 Bionic,256GB,6GB,,29.790.000đ
198,Điện thoại iPhone 13 Pro 256GB Xanh Dương,OLED,"6.1 """,2532 x 1170 pixels,12MP,12MP-12MP-12MP,iOS 15,Apple A15 Bionic,256GB,6GB,,29.790.000đ
199,Điện thoại iPhone 13 Pro Max 128GB Vàng Đồng,OLED,"6.7 """,1284 x 2778 pixels,12MP,12MP-12MP-12MP,iOS 15,Apple A15 Bionic,128GB,6GB,,29.990.000đ
200,Điện thoại iPhone 11 64GB Xanh Lá,"Liquid Retina, IPS LCD","6.1 """,828 x 1792 pixels,12 MP,12 MP + 12 MP,,Apple A13 Bionic,64GB,4GB,3110 mAh,11.690.000đ
201,Điện thoại iPhone 11 64GB Trắng,Liquid Retina HD display,"6.1 """,1792 x 828 pixels,"12 MP, ƒ/2.2 aperture",Dual 12MP Ultra Wide và Wide cameras,iOS 13,Apple A13 Bionic 6 nhân,64 GB,4 GB,,11.690.000đ
202,Điện thoại Vivo V20 (8GB/128GB) Xanh hồng,AMOLED,"6.44 """,2400 × 1080 (FHD+)	 pixels,44MP,64MP; 8MP; 2MP,Funtouch OS 11 (dựa trên Android 11),Qualcomm® Snapdragon™ 720G,128GB,8GB,4000mAh,5.094.000đ
203,Điện thoại iPhone 12 Pro 256GB Xanh,,"6.1 """,,12 MP,"12 MP, 12 MP, 12 MP",iOS 14.1,Apple A14 Bionic,256 GB,6 GB,,28.990.000đ
204,Điện thoại OPPO A94 8GB/128GB Đen,AMOLED,"6.43 """,FHD+ (1080 x 2400) pixels,32 MP,48 MP + 8 MP + 2 MP + 2 MP,"ColorOS 11.1, nền tảng Android 11","Helio P95, tối đa 2.2GHz",128GB,8GB,"4310mAh (Typ), Sạc nhanh VOOC 4.0 - 30W",6.152.000đ
205,Điện thoại Samsung Galaxy S20 Ultra Đen,Dynamic AMOLED 2x,"6.9 """,,40 MP,108 MP + 48 MP + 12 MP,"Android 10, One UI 2.1",Exynos 990,128 GB,12 GB,5000 mAh,23.992.000đ
206,Samsung Galaxy S20+ Đen,Dynamic AMOLED 2x,"6.7 """,,10 MP,4 MP + 12 MP+ 12 MP,"Android 10, One UI 2.1",Exynos 990,128 GB,8 GB,4500 mAh,23.990.000đ
207,Điện thoại Samsung Galaxy A52 4G 8GB/128GB Tím,"Màn hình tràn viền vô cực Super AMOLED Full HD+, độ sáng màn hình đến 800nit","6.5 """,,32MP,4 camera: 64MP+12MP + 5MP + 5MP,,Vi xử lý 8 nhân Snapdragon 720G,128GB,8GB,"4500mAh, Công nghệ Sạc nhanh siêu tốc 25W",9.290.000đ
208,Samsung Galaxy S20+ Xanh,Dynamic AMOLED 2x,"6.7 """,,10 MP,4 MP + 12 MP+ 12 MP,"Android 10, One UI 2.1",Exynos 990,128 GB,8 GB,4500 mAh,19.192.000đ
